ID,BAIRRO,CEP,CNPJ,COMPLEMENTO,ENDERECO,INSCRICAO_ESTADUAL,NOME,RAZAO_SOCIAL,TELEFONE,CIDADE_ID
1,Vila Cidade Universitaria,17011900,09630313000106,Loja A-221 Piso Superior,R Henrique Savi 15-55,209412438114,Brazita,Brazita Comercio De Alimentos Ltda,1432264809,8405
2,,,,, ,,Centrovias - Pedágio,Centrovias - Pedágio,,8727
3,,,,Centro Empressarial das Americas,           ,,Bauhaus Cafeteria,Bauhaus Cafeteria,,8405
4,Centro,17300000,01404512000186,,Av D. Pedro I 1055,289014889112,Supermercados Minatel,Minatel & Cia. Supermercados Ltda,1436529466,8540
5,Vila Universitaria,17053460,01820806000431,,Av Nacoes Unidas 28-75,209254336112,Rede Lk De Postos Ltda,Rede Lk De Postos Ltda,1432033177,8405
6,,,,, ,,Parebem Ltda.,Parebem Ltda.,,8405
7,,,,, ,,Pizzaria Bela Vista,Pizzaria Bela Vista,,8405
8,,,,, Avenida das Nações Unidas,,Peralta Ind. e Com. Ltda. Supermercado Paulistão,Peralta Ind. e Com. Ltda. Supermercado Paulistão,,8405
9,,,,, ,,Cantina Tutti Fratelli,Cantina Tutti Fratelli,,8405
10,,,,, ,,Floricutura Flor Amor,Floricutura Flor Amor,,8540
11,,,,, ,,Pizzaria Benvenutti,Pizzaria Benvenutti,,8727
12,,,,, ,,Posto São José (Pierin),Posto São José,,8540
13,,,,, ,,Nostra Casa Pizzaria,Nostra Casa Pizzaria,,8540
14,,,,, ,,Auto Posto Rosangela,Auto Posto Rosangela,,8727
15,,,,, ,,Teste Real Shopping,Teste Real Shopping,,8405
16,,,,, ,,Luelu Eletronicos,Luelu Eletronicos,,8727
17,,,,, ,,Doceria Renata,Doceria Renata,,8727
18,,,,, ,,Casa de Lanches Centra,Casa de Lanches Centra,,8405
19,,,,, ,,Cicero Presentes,Cicero Presentes,,8727
20,,,,, ,,Mc Donalds,Mc Donalds,,8727
21,,,,, ,,Barbina Choperia e Pestiscaria,Barbina Choperia e Pestiscaria,,8393
22,,,05571182000255,, ,209368484114,Alameda Quality Center,Anna Comercial De Imoveis Ltda,1836364419,8405
23,,,,, ,,Shopping Bauru,Shopping Bauru,,8405
24,,,,, ,,Shopping Jau,Shopping Jau,,8727
25,,,,, ,,Onibus Expresso de Prata,Onibus Expresso de Prata,,9111
26,,,,, ,,Onibus Macacari,Onibus Macacari,,8540
27,,,,, ,,Lojas Rener,Lojas Rener,,8405
28,,,,, ,,Onibus Reunidas,Onibus Reunidas,,8727
29,Vila Santa Tereza,17012020,19784064000159,,R Padre Joao Quadra 16-80,,101 Sabores,Edmilson Jose Lopes 15224211816,1432322553,8405
30,,,,, ,,Supermercado Wall Mart,Supermercado Wall Mart,,8405
31,,,,,Av. das Nações Unidas 25-25,209216781112,Mc Donalds - Bauru,West Side Comercio de Alimentos Ltda.,1432348091,8405
32,,,,, ,,Tutti Fratelli,Tutti Fratelli,,8405
33,Vila Cardia,17011066,65897910001217,,Av Duque De Caxias Quadra 22-42,209718192111,Tauste Supermercados,Tauste Supermercados Ltda,14340215001434021502,8405
35,,,,, ,,Café Estação,Café Estação,,8540
36,,,,, ,,Top Acai,Top Acai,,8393
37,,,,, ,,Auto Posto Pierin II,Auto Posto Pierin II,,8540
38,,,,, ,,Jim Jim gastronomia asiatica - shopping,Jim Jim gastronomia asiatica - shopping,,8405
39,,,,, ,,Suco e Bagaço - shopping,Suco e Bagaço - shopping,,8405
40,,,,, ,,Plim Plim e Romanos,Plim Plim e Romanos,,8540
41,,,,, ,,The Bugers,The Bugers,,8405
42,,,,, ,,Supermercado Pão de Açucar,Supermercado Pão de Açucar,,8405
43,,,,,,,sem fornecedor,sem fornecedor,,8405
44,,,,, ,,Farmacia Nossa Senhora,Raia Drogasil S.A.,,8405
45,,,,, ,,Baianos a Bordo,Baianos a Bordo,,8727
46,,,,, ,,Trattoria Ma Lutti,Trattoria Ma Lutti,,8405
47,,,,, ,,Roasted Potato,Roasted Potato,,8405
48,,,,, ,,Bauru Info,Bauru Info,,8405
49,,,,, ,,Pizzaria Formosa,Pizzaria Formosa,,8540
50,,,,, ,,Roma Informatica,Roma Informatica,,8405
52,,,,, ,,Rancho da Pamonha,Rancho da Pamonha,,8727
53,,,,, ,,Posto Nações Filial,Posto Nações Filial,,8405
54,,,,, ,,Super Hot Dog,Super Hot Dog,,8405
55,,,,, ,,Audio Tec,Audio Tec,,8727
56,,,,, ,,Suco Bagaço,Suco Bagaço,,8727
57,,,,, ,,Bobs Jau - Shopping,Bobs Jau - Shopping,,8727
58,,,,, ,,União Estudantil,União Estudantil,,8727
59,Vila Cardia,,,,Avenida Duque de Caxias 17-61,209473710118,Farmacia e Drogaria Nissei Ltda.,Farmacia e Drogaria Nissei Ltda.,,8405
60,,,,, ,,Pizza & Tal,Pizza & Tal,,8393
61,,,,, ,,Pizzaria La Banbina,Pizzaria La Banbina,,8405
62,,,,, ,,Papatuty,Papatuty,,8405
63,,,,, ,,Obba Cafes,,,8405
64,,,,, ,,Havan Lojas de departamento,Havan Lojas de departamento,,8405
65,,,,, ,,Posto Garbaes Nações 2,Posto Garbaes Nações 2,,8405
66,,,,, ,,Billow Confeccoes,,,8393
67,,,,, ,,Miragua Lanchonete,Miragua Lanchonete,,8443
68,,,,, ,,Xis Gaucho - Shopping,Xis Gaucho - Shopping,,8405
69,,,,, ,,Imagem Papelaria,Imagem Papelaria,,8405
70,,,,, ,,Drogasil - Duque de Caxias,Drogasil - Duque de Caxias,,8405
71,,,,, ,,Moviecom Cinema - Jau Shopping,Moviecom Cinema - Jau Shopping,,8727
72,,,,, ,,Fire Fighter - Jau Shopping,Fire Fighter - Jau Shopping,,8727
73,,,,, ,,Nutty Bavarian - Territorio do Calçado,Nutty Bavarian - Territorio do Calçado,,8727
74,,,,, ,,Mulher Urbana - Territorio do Calçado,Mulher Urbana - Territorio do Calçado,,8727
75,,,,, ,,Habibs - Nações Unidas,Habibs - Nações Unidas,,8405
76,Vl. Universitaria,17053460,01819950000105,50,R Jose F Marques 6,,Cia Do Caldo,Valdenir Sanvezzo,,8405
77,,,,, ,,Yogolove - shopping Bauru,Yogolove - shopping Bauru,,8405
78,,,,, ,,Hard Softnet - jau shopping,Hard Softnet - jau shopping,,8727
79,,,,, ,,Revistaria Lus,Revistaria Lus,,8405
80,,,,, ,,CFR Cafe Ltda. - Frans Cafe,CFR Cafe Ltda. - Frans Cafe,,8405
81,,,,, ,,Rei do Mate - Jau Shopping,Rei do Mate - Jau Shopping,,8727
82,,,,, ,,Risoto Mix - Bauru Shopping,Risoto Mix - Bauru Shopping,,8405
83,,,,, ,,La Passion,La Passion,,8727
84,,,,, ,,Chocolateria MM - Jau Shopping,Chocolateria MM - Jau Shopping,,8727
85,,,,, ,,Comp. Brasileira de Distribuição - Pão de Açucar,Comp. Brasileira de Distribuição - Pão de Açucar,,8405
86,Jardim Brasil,17030520,51028983000105,,Av Duque De Caxias 19-30,209074532117,Pão Gostoso Bauru,Pao Gostoso De Bauru Limitada,1432342818,8405
87,,,,, ,,Batata Brasil,Batata Brasil,,8405
88,Centro,17300000,10945197000195,,Av Luiz Faulin Filho 25,,Posto Peixinho,Peixinho Comercio De Combustiveis Ltda,1432062096,8540
89,,,,, ,,Ricci & Pinafi Alimentos Ltda. Me,,,8405
92,Centro,,,,Rua 13 de Maio 435           ,,K Modas,J. do C. S. Lima Confecções EPP,1436524823,8540
93,,,,, ,,Nectare Picoleteira,Nectare Picoleteira,,8540
94,,,,, ,,Nações Farma,Nações Farma,,8405
95,,,,, ,,Lanchonete Skinão,Lanchonete Skinão,,8540
96,,,,,           ,,Griletto - Jau Shopping,Griletto - Jau Shopping,,8727
97,,,,, ,,Canto do Caldinho,,,8727
98,,,,, ,,Lanchonete Tche,Lanchonete Tche,,8727
99,,,,, ,,Cacaushow - Jau shopping,Cacaushow - Jau shopping,,8727
100,,,,Shopping Boulevard, ,,Garcia e Peternucci,Garcia e Peternucci,,8405
101,,,,, ,,Shopping Boulevard,Shopping Boulevard,,8405
102,,,,, ,,Centro Aut Terraza,Centro Aut Terraza,,8405
103,,,,, ,,Spoleto - Shopping Boulevard,Spoleto - Shopping Boulevard,,8405
104,,,,, ,,Açai no Ponto- Shopping Boulevard,Açai no Ponto- Shopping Boulevard,,8405
105,,,,, ,,Graminha com. de Combus.,Graminha com. de Combus.,,8405
106,,,,, ,,Point Esfirraria,,,8540
107,,,,, ,,Ana Beatriz Calze - ME,,,8405
108,,,,, ,,Gramado Fast Food - Shopping Piracicaba,Gramado Fast Food - Shopping Piracicaba,,8935
110,,,,, ,,Auto Posto Daniel Jr.,,,8308
111,,,,, ,,Augustas Pizzaria,Augustas Pizzaria,,8405
112,,,,, ,,Suco Zape Bauru - Shopping Boulevard,Suco Zape Bauru - Shopping Boulevard,,8405
113,Jardim Panorama,17011105,13118214000109,,Av Nacoes Unidas 35-03,209.278.341.119,Ragazzo Bauru,Punto Nacoes Unidas Bauru Comercio De Alimentos Ltda.,11375570001137557387,8405
114,,,,, ,,Wal-Mart Brasil Ltda.,Wal-Mart Brasil Ltda.,,8405
115,,,,, ,,Tauste Supermercados Ltda.,Tauste Supermercados Ltda.,,8405
116,,,,, ,,Frans Cafe - Rodoviária,Frans Cafe - Rodoviária,,8405
117,,,,, ,,Supermercados Jau Serve Ltda. - Shopping,Supermercados Jau Serve Ltda. - Shopping,,8727
118,,,,, ,,MA Carneiro Com. de Chocolates Ltda. - Me,MA Carneiro Com. de Chocolates Ltda. - Me,,8405
119,,,,, ,,Drogal Farmaceutica Ltda.,Drogal Farmaceutica Ltda.,,8405
120,Vila Coradi,17300000,62719653000182,,Av Guarani 115,289009087116,Supermercado Serve Bem,Jose Valdir Cezarin,0146522464,8540
121,Centro,17010001,02116401000137,,R Batista De Carvalho 6-79,,Sabor Pastel,Franco & Bernardis De Bauru Ltda,0142343011,8405
122,Vila Cardia,17013113,10193021000205,Setor 11 Quadra39,Rua General Marcondes Salgado S/N,528947,Boulevard Shopping Nações,Vertico Bauru Empreendimentos Imobiliarios Ltda.,2121767272,8405
123,,,,, ,,MR. Duck Auto Posto ltda.,,,8405
124,,,,, ,,Amaral e Faracco Ltda.,Amaral e Faracco Ltda.,,8727
125,Vila Cidade Universitaria,17011900,21104725000108,Loja A-222 Piso Superior Bauru Shopping Cente,R Henrique Savi 55 Quadra 15 15-55,208558664115,Patroni Pizza - Bauru shopping,Milka - Restaurante Ltda.,14320402221432040223,8405
126,,,,,,,Jose Augusto Balivo,Jose Augusto Balivo,,8540
127,,,,, ,,FS Bauru Comestiveis (Habibs Bauru - Nações),FS Bauru Comestiveis,,8405
128,,,,, ,,Dauns Food Express - Bauru Shopping,Dauns Food Express - Bauru Shopping,,8405
129,,,,, ,,Auto Posto Petro Nações Bauru Ltda.,Auto Posto Petro Nações Bauru Ltda.,,8405
130,,,,, ,,Maria S de Camargo ME,Maria S de Camargo ME,,8405
131,,,,, ,,WMS Supermercados do Brasil Ltda. - Posto Wall-Mart,WMS Supermercados do Brasil Ltda. - Posto Wall-Mart,,8405
132,,,,, ,,Doc Park Estacionamentos,Doc Park Estacionamentos,,8405
133,,,,, ,,Centro Automotivo Terrazza Ltda.,Centro Automotivo Terrazza Ltda.,,8405
134,,,,, ,,Emporium -  Bauru Shopping,Emporium -  Bauru Shopping,,8405
135,,,,, ,,Baruru Atacado 1.99,Baruru Atacado 1.99,,8405
136,,,,, ,,Delu Presentes,Delu Presentes,,8727
137,,,,, ,,Auto Posto Pierin,Auto Posto Pierin,,8540
139,,,,, ,,Cacau Show - Shopping Bauru,Cacau Show - Shopping Bauru,,8405
140,,,,, ,,Casa da Cachaça de Brotas,Casa da Cachaça de Brotas,,8443
141,,,,, ,,Posto Santo Antonio ,,,8405
142,,,,, ,,Pousada do Lago,Pousada do Lago,,8443
143,,,,, ,,Recanto das Cachoeiras ,Recanto das Cachoeiras ,,8443
144,,,,, ,,Aqui Barato Confcções,Aqui Barato Confcções,,8540
145,,,,, ,,Shopping Piracicaba,Shopping Piracicaba,,8935
146,Loteamento Parque Industrial,13213085,15579674000160,,Av Jose Benassi 1503,407292793114,Fini Comercializadora Ltda.,Fini Comercializadora Ltda.,11458964501145896430,8935
147,,,16791921000150,,Rua General Marcondes Salgado 11-39,209480309112,Cacau Show,Ma Carneiro Comercio De Chocolates Ltda,14321443351438790226,8405
148,Vl Rezende,13414900,96573563000903,Loja P 69 71,Av Limeira 722,,Pizza Hut,Miller Fast Food Alimentos Ltda,,8966
149,,        ,05775985000146,, ,,P.R. Marostica ME  (Piri Pak 1.99),P.R. Marostica ME,,8540
150,,,04228252000123,,Rua 13 de Maio 1038,,Casa Coradi,Casa Coradi,1436522066,8540
151,,,19444697000118,, ,,Nova Casa do Pão,Nova Casa do Pão,,8540
152,,,09063428000158,Lavacar Felivel, ,,Flex Lavacar,Flex Lavacar,,8405
153,Centro,,43283811003507,,Rua Ezequiel Ramos 5-45,209.345.651.117,Kalunga,Kalunga comercio e Ind. Grafica Ltda.,,8405
154,,,17787945000106,, ,,Viva Pizza,Viva Pizza,,8405
155,,,09489331000101,,Rua Jose Ferreira Marques 6-80,209.409.065.118,Frigere pizza frita,Pedro Crozera Torres - EPP,1432274744,8405
156,,,09650685000196,,Rua Primeiro de Agosto 5-31,,Andrade e Andrade Com.,Andrade e Andrade Com.,1432324523,8405
157,Bairro Alto,,42591651126163,,Av. Independencia 2854,535.007.238.118,Mc Donalds - Piracicaba,Arcos Dourados Comercio de Alimentação ltda.,,8935
158,,,05883044000120,,Rua Bom Retiro Rodovia Comandante ,,Barraca da Pamonha,Barraca da Pamonha,,8727
159,Jd. Pnorama,17011102,18443776000141,Loja Havan,Rua Nicola Assis 9-69,209.512.869.117,Subway Bauru Havan,G.G.X. Lanchonete Ltda. - Me,,8405
160,,,20014125000188,, ,,Lanchonete Sonho Meu,Lanchonete Sonho Meu,,8540
161,,,15027954000165,, ,,Choperia São Jose,Choperia São Jose,,8443
162,,,10626318000136,, ,,Cine São Jose,Cine São Jose,,8443
163,,,01583573000158,, ,,Mini money,Mini money,,8727
164,,,14240096000170,, ,,Degusta,Degusta,,8405
165,Vila Santo Antonio,,05890038000109,,Av. Naçoes Unidas 16-07,209314747111,Bauru Atacado,JN. Distribuidora de Armarinhos Ltda. - EPP,,8405
166,,        ,12412281000179,,           ,,Motel Saint Tropez ME,S.E. DEVIDES - ME,,8727
167,,,73138414000155,,           ,,Pizza Fone e Dona Branca,Pizza Fone e Dona Branca,,8727
168,Rod 6,        ,13627739000170,Territorio do Calçados,Av.  Antonio de Almeida Pacheco           ,401.101.347.110,Gab's,Valeria Cristina Bregantin Mageste Calçados -ME,,8727
169,,        ,10778221000146,,Av. Antoni Alm.Pac 1647           ,,Laris Comida Boa Com,Laris Comida Boa Com,1436264139,8727
170,,17044140,02769811000187,,Av. Duque de caxias 21-30           ,209.248.656.116,Auto Posto Duque 21 de Moura Ltda.,Auto Posto Duque 21 de Moura Ltda.,1423273443,8405
171,,,07799502000254,,           ,,Batista de carvalho Box 3 e 7 5,Batista de carvalho Box 3 e 7 5,,8405
173,,        ,10968259000148,,Cussy Jr. 9-42           ,,Abade & Iokomizo Estacionamento de veiculos Ltda. - ME,Abade & Iokomizo Estacionamento de veiculos Ltda. - ME,1481181656,8405
174,,,16849049000153,,           ,,Griletto - Bauru Shopping,Griletto - Bauru Shopping,,8405
175,,,09652082000286,,Rua General Marcondes Salgado 11-0           ,209.477.371.112,Cinepolis Operadora de Cinemas do Brasil Ltda.,Cinepolis Operadora de Cinemas do Brasil Ltda.,1432322263,8405
177,,        ,16882346000102,,Rua Marcondes Salgado 11-39           ,209.480.911.110,Big X Picanha,Kakeya Lanches Ltda - EPP,1432124546,8405
178,Pq Residencial Samambaia,        ,17875150000141,,Avenida Getulio Vargas           ,209.502.250.110,Tratoria Dom Armando,Delverde Comercio de Alimentos Ltda. - ME,,8405
179,,        ,04869884000103,,           ,,La Trattoria,La Tratoria,,8727
180,,        ,18916050000118,,           ,,Victoriana Lanchonete ,Victoriana Lanchonete ,,8727
181,,        ,20180625000190,,           ,,Ferreira e Souza,Ferreira e Souza,,8405
182,,,,,           ,,Clinica do Pé,Clinica do Pé,,8405
183,,        ,14525735000143,,           ,,Clarice de Brito - ME,Clarice de Brito - ME,,8443
184,,17340000,20439244000182,,Av. Pedro Ometto 80,202.042.680.110,Chiquinho Sorvetes,Lopes de Oliv. e CIA Com. de Sorvetes Ltda. - ME,,8393
186,,17300000,,,Rua 13 de Maio 435           ,,J. do C. S. Lima Confecções EPP,J. do C. S. Lima Confecções EPP,1436524823,8540
187,,        ,05272134000185,,           ,,Drogaria Sta Isabel,Drogaria Sta Isabel,,8540
188,,        ,08851205000192,,Nações Unidas 3838           ,,JC Felipe Dist,JC Felipe Dist,,8405
189,,        ,05296299000197,,           ,,Made in Brazil,Made in Brazil,,8405
190,,        ,19953098000120,,           ,,Ice By Nice,Ice By Nice,,8405
192,,        ,05427459000190,, ,,SB 13 LAVACAR,,,8405
194,Pisol L 123,17013113,17118091000167,,Rua General Marcondes Salgado 11-39,209487048115,TEM TUDO,Tobias Houseware Pres. Util. Comest.  Eireli EPP,1432127700,8727
195,,        ,05520340000167,,Rua Edgar Ferraz 219,,Choperia Romão,,1436211854,8727
196,,        ,09411129000167,,Avenida D. Pedro I 510,,Constru Mat de Construção,,1436521120,8540
197,,        ,20374243000105,, ,,Estação Bar Café,Estação Bar Café,,8540
198,,,15345454000171,Bauru Shopping,Quiosque  04 A ,,IPLUS,Henrique Savi 1555,,8405
199,Centro,,51663763001125,,Rua Batista de Carvalho 436,209.142.690.116,Lojas Tanger,Lojas Tanger Ltda.,,8405
200,,17010001,02520148000182,,Rua Batista de Carvalho 78,209245008119,QSC - Comércio de Alimentos Ltda.,QSC - Comércio de Alimentos Ltda.,1432323155,8405
201,,        ,20744118000131,, ,,Fogao Brasil,,,8405
202,,        ,13103673000119,, ,,Thiago Nascimento amor,,,8405
203,,        ,03209770000137,, ,,Lanchonete Weiyong,Lanchonete Weiyong,,8405
204,,        ,05900465000112,, ,,Marcelo B Caiani ME,Marcelo B Caiani ME,,8405
205,,,69341727000167,, ,,Casa de Carnes Paulista,Casa de Carnes Paulista Ltda.,,8540
206,,,11475918000103,, ,,Centro Automotivo Bauru,Centro Automotivo Bauru,,8405
207,Jd Ferreira Dias,,07637812000110,,Rua Oswaldo Chiozzi 41,,Banana Split,Banana Split,1436215125,8405
208,,        ,10193021000124,, ,,Vertico Bauru Empr. Imobiliarios S.A.,Vertico Bauru Empr. Imobiliarios S.A.,,8405
209,,,45776465000172,,Rua Franci Nucci Filho ,,Clube de Campo Brotas,Clube de Campo Brotas,1436531404,8443
210,,,21003559000145,, ,,Casa Nostra,Casa Nostra,,8540
211,,,02248583000108,,Rua 13 de Maio 512,,Churrascaria do Sauva,Churrascaria do Sauva,1436522800,8540
212,,,74226879000120,,Rua Jose Lodi 10,,Agua Doce Cachaçaria,Agua Doce Cachaçaria,1436411436,8393
213,,,01198820000283,, ,,Dauns Food Express - Boulevard Shopping,Dauns Food Express - Boulevard Shopping,,8405
214,Vila Regina,17012646,20104878000184,loja 06,Rua Chaim Mauad 2-100,209.541.362.110,M.P.R. Intantini,M.P.R. Intantini,,8405
215,,17010001,45001509000330,,Rua Batista de Carvalho 4-79,208.045.471.110,Center Calçados,Khalil Obeid & Cia Ltda.,1432327007,8405
216,,        ,01785234000154,, ,,American Max Grill,American Max Grill,,8405
219,,        ,11804736000139,,Rua Santa Barbara  23,,Rubia Restaurante Ltda.,Rubia Restaurante Ltda.,1436244937,8727
220,Centro,,,,Avenida Lurival jaubet Da Silva Braga 465,288.079.350.1414,Extra Supermercados,Companhia Brasileira de Distrubição,,8443
221,,        ,45774320000137,,Rua Rodolfo Guimaraes 559,,Farmacia Central,Farmacia Central,,8405
222,Patrimonio,,21190123000102,, ,,Hotel Fazenda Roseira Ltda.,Hotel Fazenda Roseira Ltda.,1491525613,8443
223,,15025055,03962095000112,,Rua Siqueira Camposs 2165,,Kess Informática ltda.,Kess Informática ltda.,,9100
224,,,00019339000130,, ,,Agro Pecuaria Toniato,Agro Pecuaria Toniato,,8540
225,,,02931692000117,,Av. Zezinho Magalhaes 825,,JAW - Fishing Time,JAW - Fishing Time,,8727
226,,,22164208000189,Estacionamento Bauru Shopping,Henrique Savi 1555,,Car Center Eco Lavagem Bauru,Car Center Eco Lavagem Bauru,,8405
227,,        ,17041683000128,Subway Boulevard, ,,Subway Boullevard,Subway Boullvard,,8405
229,Vila Cardia,17011066,21178121000106,,Av. Duque de Caxias 17-40,209.560.232.119,Subway Duque de Caxias,Zabeu e Miranda Lanchonete Ltda. ME,,8405
230,,        ,02622013000128,, ,,Restaurante Panela de Pedra,Restaurante Panela de Pedra,,9100
231,,,55581805000168,, ,,Vovo Formiga,Sueli Teresinha,,8405
232,,,44993632000179,,Av. Marques de São Vicente 505,113.500.123.113,Reunidas Paulista,Empresas Reunidas Paulista de Transporte Ltda.,1133820900,8405
233,JD Santana,17020293,50778851000138,Estacionamento Rodoviaria,Praça Joao Paulo II ,,Empresa Municipal de Desenvolvimento Urbano de Bauru,Empresa Municipal de Desenvolvimento Urbano de Bauru,,8405
235,,        ,13360231000158,, ,,Campesca,Campesca,,8727
236,,        ,06575804000103,, ,,Toca do Pescador,Toca do Pescador,,8405
237,,        ,19849525000124,,Herrique Savi 55 ,,Pisani Confeitaria Ltda. ME,Pisani Confeitaria Ltda. ME,,8405
238,,        ,10381232000190,,Rua Batista Carvalho 6-15 ,,China Bijou,China Bijou,1432224914,8405
239,JD Paulista,        ,00252776000180,,Av. Lucelia 85 85,289013321112,Supermercado São Cristovao,J. Carlos dos Santos - Dois Corregos - EPP,,8540
240,,        ,05684314000255,, ,,Auto Posto Tubarão,Auto Posto Tubarão,,8909
241,,        ,08184586000101,,Rua Alberto Stein 215,,Park Blumenal Restaurante,Park Blumenal Restaurante,,7849
242,,18705760,03918434000163,,Av. Joselyr Moura Bastos 69,194.124.882.116,N. Incau & CIA. Ltda. - EPP.,N. Incau & CIA. Ltda. - EPP.,1437111602,8378
243,,        ,14784780000112,,,,Auto Posto Jaguaraiva,Auto Posto Jaguaraiva,,5845
244,,        ,,,,,Oktoberfest 2013,Oktoberfest 2013,,7849
245,,        ,76827336000194,,,,Hoter Romer,Hoter Romer,,7954
246,,        ,03960819000199,,Rua Alberto Stein 199,,Sicoob Blucredi SC,Sicoob Blucredi SC,0091064444,7954
247,,        ,13824426000138,,Rua PE Chagas 327,,My Ticket,My Ticket,0030135509,7494
248,,        ,19138632000144,,,,Lucia Reig,Lucia Reig,,7861
249,,        ,18791487000133,,,,Nova Pesca Bauru,Nova Pesca Bauru,,8405
250,,        ,13052830000104,,,,Infinito Lanches,Infinito Lanches,,8727
251,,        ,03501570000153,,Rua Alberto Stein 199,,Pontinho,Pontinho,0033290014,7849
252,,        ,17734956000110,,Rua Rui Barbosa 1053,,Sabor Brasil,Sabor Brasil,,8727
253,,        ,44454544000107,,Rua Para 00295,,Bar e Restaurante Reguini,Bar e Restaurante Reguini,,8405
255,,        ,96572003000179,,,,Nações Grill,Nações Grill,,8405
256,,17300000,22314407000126,,,,Caroline Carvalho Cruz,Caroline Carvalho Cruz,,8540
257,Vila Confim,        ,03880821000143,,Av. Rodrigues Alves 21-111,204.266.868.110,Docepan,Vispan Produtos Alimenticios Ltda.,,8405
258,,        ,50539279000154,,Av. Duque de Caxias 13 84,,Pop Som,Pop Som,,8405
259,,        ,20099887000124,,,,Serra e Mar,Serra e Mar,,6668
261,,        ,03050588000267,,,,Restaurante Niemeyer,Restaurante Niemeyer,,5574
262,,17011900,10247640000154,Bauru Shopping,Rua Henrigue Savi 15-55,209.415.223.115,Subway Bauru Shopping,F.N.X. Lanchonete Ltda. - ME,,8405
263,,        ,11658169000150,,Rua Antonio Alves 19,,Posto Bauru 10,Posto Bauru 10,1432143595,8405
265,,        ,60669926000104,,,,Monica Sorvete e Sucos,Monica Sorvete e Sucos,,8405
266,,        ,22003690000175,,,,Gelateria Lunata,Gelateria Lunata,,8405
267,,        ,19793605000105,,,,Tuva,Tuba,,8405
268,,        ,08802286000211,,,,El Puerto,El Puerto,,8405
269,,        ,02419640000166,,,,Borracha Motos Peças,Borracha Motos Peças,,8405
270,,        ,00599014000173,,,,Agropecuaria Jau,Agropecuaria Jau,,8405
272,,        ,01822990000106,,,,Cabra da Pesca,Cabra da Pesca,,8405
274,,        ,03043137000111,,,,Gustare,Gustare,,8405
275,,        ,17834047000153,,,,Red Burguer,Biazoto Beluca Hamburgueria,,8727
276,,        ,55158190000161,,,,Esquina do Pão de Queijo,Esquina do Pão de Queijo,,8405
300,,        ,13544243000132,,Avenida das Nações 36-36,,Yogopoint,Yogopoint,1497254609,8405
301,,        ,09081363000173,,,,Edna Maria de Moraes B,Edna Maria de Moraes B,1497254609,8540
302,,        ,00682795000186,,,,Agropecuaria São José,Agropecuaria São José,,8540
304,,        ,02451848000162,,,,Concessionaria Sistema Anhanguera-Bandeirantes S/A,Concessionaria Sistema Anhanguera-Bandeirantes S/A,0800055555,9143
305,,        ,09387725000159,SP - 021,Rodoanel Mario Covas,,Concessionaria do Rodoanel Oeste S/A,Concessionaria do Rodoanel Oeste S/A,0800055555,9111
306,,        ,09190336000153,,,,Concessionaria SPMAR,Concessionaria SPMAR,,9111
307,,        ,42591651091513,,Rodovia dos Imigrantes KM 35,635.484.835.114,MC Donalds Imigrantes - São Bernardo do Campo,MC Donalds Imigrantes - São Bernardo do Campo,1130705455,9081
308,Jardim Belmar,11440002,45543915012511,,Av. Dom Pedro l ,335.214.170.110,Carrefour Comercio e Industria,Carrefour Comercio e Industria,,8624
309,KM 125,        ,09456704000148,Zona Rural,Rod dos Bandeirantes,606.218.174.112,Rodosnack Norte Lanchonete e Restaurante LTDA.,Rodosnack Norte Lanchonete e Restaurante LTDA.,,9036
310,,        ,14298748000399,,Av. Dom Pedro l,335.178.021.117,Subway Enseada,Pafer Plaza Comercio de Alimentos Ltda. EPP,,8624
311,,,59146514000364,,,,Farmacentro Dograrias,Farmacentro Dograrias,,8405
312,,,00867999000170,,,,Pastelaria Tio Patinhas,Pastelaria Tio Patinhas,,8540
313,,,15592395000136,,Av. Miguel Estefano 1760,,Quiosque,Quiosque,,8624
314,,,03379475000142,,,,Pizzaria Bate Papo,Pizzaria Bate Papo,,8624
315,,,10381650000188,,,,Restaurante Hangar,Restaurante Hangar,,8624
316,,,04797090000144,Jau Shopping,Av. Doutor Quinzinho 511,,Melissa Jau Shopping,Melissa Jau Shopping,,8727
330,,,,,Av. Rodolfo Guimaraes 16,,Pizzaria Terra Nostra,Pizzaria Terra Nostra,1436535984,8443
332,,,,,,,Valdezir o Carvalho,Valdezir o Carvalho,,8701
364,,,,,,,Beatriz C Furlanetto,Beatriz C Furlanetto,,8727
396,,,,,,,Rogerio de Souza Batista,Rogerio de Souza Batista,,8727
397,,,,,Dr. Quinzinho 511,,Mundi Cafeteria,Mundi Cafeteria,,8727
398,,        ,40083273000173,,Ezequiei Ramos q 2-232,,Boa Pesca Nautica Camping,Boa Pesca Nautica Camping,1432323813,8405
399,,,,,,,Vitoria Park Praça,Vitoria Park Praça,,8405
400,,,,,,,Corpo Ideal,Corpo Ideal,,8405
401,,,,,,,La Bela Salgados,La Bela Salgados,,8727
402,,,,,General Marcondes Salgado q 39,,La Panqueca,La Panqueca,,8405
403,,,,,,,Ice Creamy,Ice Creamy,,8405
405,Zona Industrial,,,,Av. Dep. Joao Zien Nassif,401.148.618.110,BK Brasil Operação e Asses. A. Restaurantes S.A.,BK Brasil Operação e Asses. A. Restaurantes S.A.,,8727
406,Ribeirão Grande,,,,Rov. Castelao Branco s/n,507.062.520.115,Restaurante e Lanchonete Maristela ltda.,Restaurante e Lanchonete Maristela ltda.,,8896
437,,,,,Av. Bauru 91,,Supermercado Paulista,Supermercado Paulista,,8540
469,,,,,,,Concessionaria Rodovias do Tiete s/a,Concessionaria Rodovias do Tiete s/a,,9111
470,,,,,,,Vero Pastelaria,Vero Pastelaria,,8701
471,,,,,Rua 1 de Agosto 4-3,,Madureira Estacionamento,Madureira Estacionamento,,8405
472,,,,,,,Otica Vital,Otica Vital,1432270349,8405
473,,,,,,,Padaria Opção,Padaria Opção,,8540
474,,,,,Rua Campos Salles 97,,Claudio da Silva Vieira,Claudio da Silva Vieira,,8405
475,,,,,,,Comercio Mattar Mat.,Comercio Mattar Mat.,,8540
476,,,,,,,Graziella Aparecida Rod,Graziella Aparecida Rod,,8727
506,,,,,,,Tim,Tim,,9111
507,,,17787845000171,esquina gustavo maciel,Joagim da Silva Marha 1475,,Qualit Nutriction,Qualit Nutriction,,8405
508,,        ,25423820000117,,Vicente Alessi 5139,,The Maia Hamburgueria,The Maia Hamburgueria,,8405
509,,        ,06127217000143,,,,Pittoresca Pizzaria,Pittoresca Pizzaria,,8405
510,,        ,16642156000106,,,,Paint Ball - Boinas Verdes,Paint Ball - Boinas Verdes,1491632979,8405
511,,        ,55559808000103,,Rua Irmã Arminda Q 1 17,,O Casarão,O Casarão,1432238131,8405
512,Vila Universitária,17011900,11440684000169,,R. Henrique Savi,209441172115,Cerqueira Santos Comercial Ltda. ME,Cerqueira Santos Comercial Ltda. ME,,8405
513,,        ,67439521000110,,,,Eletro Chocão,Eletro Chocão,,8540
514,Jardim tres Marias,11440001,01836357001149,,Av. Dom Pedro I 177,335164261113,Mc Donalds - Guaruja ,Mc Donalds - Guaruja ,,8624
515,,        ,26429876000141,,,,Degustare Picoleteria e Lanchonete,Degustare Picoleteria e Lanchonete,,8405
516,,        ,26118341000150,,Rua Rio Branco 16 69,,Mineiro Delivery,Mineiro Delivery,1438794044,8405
517,,        ,53876066000106,,,,Dati Restaurante,Dati Restaurante,,8624
518,,        ,13723924000168,,Rua Miguel Estefano 01763,,Patricia S Santos,Patricia S Santos,1333516124,8624
519,,17010120,11475901000123,,Av. Nuno de Assis 10-79,209442062111,Nuno Auto Peças,R.A.A. de Lima - Acessorios - ME,1432064284,8405
520,Vl. Industrial,17055455,20699383000145,,Av. Bandeirantes Quadra 6-64,209551321115,Delicias e Assados,Restaurantes e Marmitaria Silva & Misokami Ltda. Me,,8405
521,,        ,08967490000101,,Rua Dona Alexandria 1959,,Rock Dog Dogueria,Rock Dog Dogueria,1434138099,9084
522,,        ,22039715000190,,,,Arthur de Melo Maciel,Arthur de Melo Maciel,,8405
523,JD. Tejeba,,47508411033917,,Av. D. Pedro I,335190397110,Extra Supermercados,CIA Brasileria de Distrubuição,,8624
524,,        ,19820572000145,,,,Izis de Oliveira Silva,Izis de Oliveira Silva,,8624
525,,        ,,,,,Marilene Batista,Marilene Batista,,8624
526,,        ,,,,,Consseconaria Ecovias dos Imigrantes S/A,Consseconaria Ecovias dos Imigrantes S/A,,8944
527,,        ,74530783000151,,,,Village Pitangueiras,Village Pitangueiras,,8624
528,,        ,,,,,Emporio San Martini,Emporio San Martini,,8624
529,,        ,,,,,Quiosque Vera Sales,Quiosque Vera Sales,,8624
530,,        ,17771440000145,,,,Cleberson de Arruda ME,Cleberson de Arruda ME,,8624
531,,        ,18145772001078,,Nações Unidas 33-16,,Restaurante Don Jardim,Restaurante Don Jardim,,8405
532,,        ,21871676000120,,,,Eletronica Leão,Eletronica Leão,,8405
533,Vl Guedes Azevedo,17017000,13574494060091,,Av. Getulio Vargas 5-80,209618142110,Burguer King - Getulio,BK Brasil Operações e Acessoria a Restaurante S.A.,,8405
534,,        ,03267631000160,,,,Net Alfa Computadores,Net Alfa Computadores,,8405
535,Pitangueiras,        ,48697825000214,,Rua Petropolis 291,335.007.184.115,Supermercado Joia Ltda.,Supermercado Joia Ltda.,,8624
536,,        ,17042403000104,,,,Emporium Las Palmas,Alexandre Migues Rodrigues,,8624
537,Centro - Pitangueiras,        ,61412110017716,,Rua mario rebeiro 832,335.183.113.110,Drogaria São Paulo S/A,Drogaria São Paulo S/A,,8624
540,,        ,19396905000150,,,,Sabor Caipira,Sabor Caipira,,8624
541,,        ,08734383000133,,,,Sorvet Ice Bar Night,Sorvet Ice Bar Night,,8624
542,,        ,01536083000109,,,,Posto Nacional,Posto Nacional,,8727
543,,        ,22373544000131,,,,Cestari e Pavan,Cestari e Pavan,,8624
544,,        ,54004189000110,,,,Posto de Serviços Vereda Tropical,Posto de Serviços Vereda Tropical,,8624
545,,        ,24729772000127,,,,Parmegiana Delivery,Parmegiana Delivery,,8405
546,,        ,03490086000176,,Rua Henrique Savi 15-15,209.153.993.117,O Boticario - Bauru Shopping,Fernando Gomes Croce - EPP,,8405
547,,        ,13179687000116,,,,Gulas Lanches Pastels,Gulas Lanches Pastels,,8405
548,,        ,14970690000156,,,,Hora Sagrada Marmitaria,Hora Sagrada Marmitaria,,8405
549,,,,, ,,Luelu Eletronicos,Luelu Eletronicos,,8727
582,,,,,Rua Virgilio Enei 2877 ,,Camaleão - Bar Rock,Camaleão,,8773
585,,,,,Araujo Leite 2245,,D Pizzas e Lanches,D Pizzas e Lanches,,8405
586,,,,,Dr. Octavio Pinheiro Brisola 71,,Old Dog Dogueria,Old Dog Dogueria,,8405
587,,,,,,,China Wok,China Wok,,8405
619,,,,,Av. Antonio Almeira Pacheco 1,,Maria Tereza Reda - Territorio do Calçados,Maria Tereza Reda,1436264161,8727
620,,,,,,,Rosa Canela Calçados - Território do Calçados,Rosa Canela Calçados,,8727
621,,,,,,,Restaurante Churrascaria Nossa Casa - Territorio do Calçado,Restaurante Churrascaria Nossa Casa,,8727
623,,,,,Av. João Sanzovo 1551,,Milla Romão - Território do Calçado,Milla Romão ,,8727
624,,,,,,,Filézin Bauru,Filézin Bauru,,8405
625,,,,, R. Henrique Savi 12-40,,Flipper Lanches,Flipper Lanches,,8405
626,,,,,Av. Nações Unidas 1481,,Nações Pizza Pré-Assada,Nações Pizza Pré-Assada,,8405
627,,,,,Av. Nações Unidas 29-79,,Choperia do Outro Lado,Choperia do Outro Lado,,8405
656,,,,,,,Primus Pesca,Primus Pesca,,8727
657,centro,        ,22315100000140,,Rua Campos Salles 128,,Chopperia Jardim (Disk Pizza Roma),Chopperia Jardim (Disk Pizza Roma),,8727
658,,        ,64585896000109,,,,Master Chicken,Master Chicken,,8727
659,,        ,03367476000153,,Rua Antonio Pereira ,,Rotisserie Nossa Senhora,Rotisserie Nossa Senhora,,8405
660,,        ,04999350000126,,,,Lider Sport,Lider Sport,,8405
661,,        ,09555823000158,,R. Rio Branco,,Yoshimuar Souza,Yoshimuar Souza Ltda. Me.,,8405
663,,        ,21294718000108,,,,MIX BURGÃO,MIX BURGÃO,,8540
664,,        ,10749777000107,,Rua Rio Branco 1049,,Brazasul Churrascaria,Brazasul Churrascaria,,8405
665,,        ,24841922000190,,Rua Conde do Pinhal 204,,Sorveteria Tropical,Sorveteria Tropical,,8727
666,,        ,27648814000193,,Rua Nicolau Assis 7-8,,Gulas Grill,Gulas Grill,,8405
667,,        ,10587772000105,Casa,Rua Pedro Bernardes 13-53,,Garagens Langes,Garagens Langes,,8405
668,,        ,,,,,Riff Burger Beer,Riff Burger Beer,,8443
669,,        ,,,,,Victor Marinato Tiritan,Victor Marinato Tiritan,,8405
670,,        ,26010585000114,,,,Marcio Henrique Gouvea,Marcio Henrique Gouvea,,8405
702,Chacara Flores,        ,26792219000111,Quadra 11 Loja 365 A,Rua General Marcondes Salgado Quadra 639,209612293116,Patroni Pizzarias - Boulevarvd Shopping,F.P.L. Com. de Alimentos Ltda. ME.,,8405
703,,        ,23299728000161,,R. Professor Alberto Brandão de Rezende 10,20959929118,Branca Sorvetes,Branca Sorvetes,,8405
704,,        ,22020866000105,,Av. Joao Ferraz Neto 580,,Ponto da Pizza,Ponto da Pizza,,8727
705,,        ,25370163000197,,,,Batataria Rock N Rosti,Batataria Rock N Rosti,,8405
706,,        ,23991090000125,,,,Luana Motta de Oliveira,Luana Motta de Oliveira,,8405
707,,        ,,,,,Luiz Carlos Algodoal Pereira Alves,Luiz Carlos Algodoal Pereira Alves,,8405
708,,        ,04182536000126,,Rua Rafael Pereira Marti,,Pizzaria Divina,Pizzaria Divina,,8405
709,,,12352319000165,,Av. Mario Pinotte 267,,Brotas Bar,Brotas Bar,1436539910,8443
710,,,22829406000114,,R. Av. Doutor Quinzinho 511,,Ice Creamy Jau,Ice Creamy Jau,,8727
711,,,24872294000100,,Rua Quintino Bocaiuva 580,,J V Comercio de Equipamentos de Segurança,J V Comercio de Equipamentos de Segurança,,8727
712,Chacara Peciolli,17210110,18383400000199,,Av Doutor Quinzinho n 611,401.126.483.115,Habib s Jau,Home of Fast Food Jau Eireli - Me,,8727
713,,,45517083000633,,,401.098.578.110,Coml Salomao Ltda. Lj 06,Coml Salomao Ltda. Lj 06,1434110500,8727
714,,,00302723000145,,,,Restaurante Dona Dê,Restaurante Dona Dê,,8405
715,,,18950999000103,,Rua Major Prado 226,,Heng Wei Utilidades,Heng Wei Utilidades,,8727
716,,,04119198000188,,,,Rubbo Cafe,Rubbo Cafe,,8727
717,,,10041515000178,,R. Virgilio Malta Q 5,,Casarao,Casarao,1432082333,8405
718,,,26428982000100,,Rua 15 de Novembro 465,,Padaria do Robinho,Padaria do Robinho,,8540
719,,,65006678000127,,Av. Pedro Ometto 1524,,Posto São Cristovão,Posto São Cristovão,,8393
720,,,04656730000104,,Rua CD Pinhal 00245,,Branco e Cia,Branco e Cia,,8727
721,,,23957216000145,,Rua Ezequiel Ramos 8-74,,Gaucho Restaurante,Gaucho Restaurante,,8405
722,,,45454963000189,,,,Chocao Celulares,Chocao Celulares,,8540
723,,,26917696000109,,,,Izabele Fernanda Beluc (Brooklin),Izabele Fernanda Beluc,,8393
724,,,03443636000104,,Joaquim Ferraz de Almeida Prado 880,,Gulana Bar,Gulana Bar,,8727
725,Centro,,18270961000181,,Rua Edgard Ferraz 139,,Auto Posto Petro (Posto Jardim Jau),Boreli Center Petro (Posto Jardim Jau),,8727
726,,,27771819000109,Bauru Shopping,Rua Avenida Paulista 1230,,Bubble Kill (Bauru Shopping),Bubble Kill,,8405
727,,,29065206000181,,Av. Don Pedro 1 367,,Restaurante Tradição,Restaurante Tradição,,8540
728,,,07695007005264,Bauru Shopping,,209706370116,Lojas Uniao 1.99 Ltda.,Lojas Uniao 1.99 Ltda.,,8405
729,,,69148062000141,,,,Sorveteria Bejupri,Sorveteria Bejupri,,8540
730,,,,,Av. galia 186,,Lanches Legal ,Lanches Legal ,,8540
732,,,07537812000110,,Rua Owaldo Chiozzi 40,401.176.365.114,Aurea R.V. de L. ME,Aurea R.V. de L. ME,,8727
733,,,07561909001563,,,,Calccio Artigos Esportivos (Word Tennis Bauru Shopping),Calccio Artigos Esportivos (Word Tennis Bauru Shopping),,8405
734,Centro,17300000,54375647010270,,Rua 15 de Novembro 538,289.018.500.112,Drogal Farmaceutica ltda.,Drogal Farmaceutica ltda.,,8540
735,,,12067662000168,,,,Parque Aventurah,Parque Aventurah,,8443
737,,,24642582000178,,Rua Adante Gigo 6-90,,Leninha Marmitaria,Leninha Marmitaria,,8405
738,,,02710362000100,,,,Lanchonete Tavolaro,Lanchonete Tavolaro,,8443
739,,,27505504000110,,,,Restaurente Mariana,Restaurente Mariana,,8443
740,,,24782911000186,,,,Claudio Donizete Moras,Claudio Donizete Moras,,8443
741,,,16667209000143,,Rua Guilherme Santos 256,,Guga Foods,Guga Foods,,8405
742,Chacara Peccioli,,53162608000340,Jau Shopping,R. Dr.Quinzinho 511,4011978501110,O Boticario (Jau Shopping),Claudia Regina Gomes Croce - Epp,,8727
743,,,,,,,Thermas Laranjais - Olimpia,Clube Dr. Antonio Augusto Reis Neves,,8866
744,,,51789634000106,,,,Bar e Restaurrante Pau Seco,Bar e Restaurrante Pau Seco,,8357
745,,,,,,,Loterica Paulistão,Loterica Paulistão,,8405
746,,,11965792000155,,Rua Gustavo Maciel,,Pimenta Rosa Restaurante,Pimenta Rosa Restaurante,,8405
747,,,05609773000193,,,,Casa Amaral Comercio de Parafusos,Casa Amaral Comercio de Parafusos,,8540
748,,,24683960000161,,R. Antonio Alves Q77,,Comer Bem Bauru,Comer Bem Bauru,,8405
749,,,20126633000156,,,,Top Yaki,Top Yaki,,8727
750,,,13387316000120,,Rua XV Novembro 1130,,Gullas Lanches,Gullas Lanches,,8540
751,,,,,,,Sagae Eventos,Sagae Eventos,,8405
752,,,15187014000133,,Rua Setini Isivro Tidei 1,,Adriana Aparecida Vaso (Espetinhos),Adriana Aparecida Vaso,,8540
753,,,02938491000166,,Rua Octarvio Mangabe ,,Piata,Piata,,8405
754,,,26546679000102,,R. Pe. Fran Van Der M,,Thays Cristina (GT 500 Funilaria),Thays Cristina,,8405
755,Centro,,12457668005372,,R. Rio Branco Quadra 15-068,209663290116,PoupaFarma,EWS Farma Comércio de Produtos Farmaceuticos Ltda.,,8405
757,,,,,,,Lacasa do Sabor,Lacasa do Sabor,,8405
758,Distrito Industrial,,23067303000127,,R. Comandante João Rebeiro de Barro KM 185,4012237351115,Posto de Serviços Portal de Jau Ltda.,Posto de Serviços Portal de Jau Ltda.,,8727
759,Centro,,29131476000143,,Rua Edgard Ferra 423,401256545110,Cacau Show - Jau centro,Maria Aparecida Couto Pinto - ME,,8727
760,,,01606125000122,,,,Pizzaria e Chopperia La Bambina,Pizzaria e Chopperia La Bambina,,8540
761,,,23067370000141,,,,America Logistica,America Logistica,,8392
762,,,,,,,Expressinho Lanches,Expressinho Lanches,,8405
763,,,21968632000113,,Rua Jose Ambrosio 0004,,Batatas Clubb,Batatas Clubb,,8405
764,,,29311568000105,,Rua Fernando Salcker 130085,,Nhoque Delivery,Nhoque Delivery,,8405
765,,,02759283000185,,,,Batata Mania,Batata Mania,,8393
766,Vila São João da Boa Vista,17060454,29015283000127,,Rua Olavo Bilac  9-4,209.700.832.114,Restaurane e Pizzaria Bela Vista,Miranda & Lima Soluções em Alimentos LTDA - ME,,8405
767,,,23118429000183,,,,La Marmita Comida Caseira,La Marmita Comida Caseira,,8405
768,,,,,,,Supermercado Dia - Jau,Supermercado Dia - Jau,,8727
769,,,08090960000100,,,,Ligeinho Lanchonete Ltda.,Ligeinho Lanchonete Ltda.,,8802
770,,,64993249000128,,,,Doce Pimenta,Doce Pimenta,,8727
771,,,15363611000106,,Av. Bomsucesso 1725,,Rest. Fogão de Lenha o Ponto,Rest. Fogão de Lenha o Ponto,,8540
772,,,,,,,Chaveiro Fenix,Chaveiro Fenix,,8405
773,,,01190729000130,,R. Codr Luiz Pavanelli 15,,Posto Ana Claudina,Posto Ana Claudina,,8727
774,CHACARA DAS FLORES,17013113,21295117000209,Boulevard Shopping,Rua General Marcondes Salgado,209.593.042.113,EMPORIO SANTO EXPEDITO - BAURU,Emporio Santo Expedito Oficial LTDA - Boulevar Shopping,,8405
775,Vila Santa Tereza,,12245016000143,,Rua Joaquim da Silva Martha qd 1510,209530263114,Elvios Hamburgueria Cafe.,Elvios Hamburgueria Cafe. Lanchonete e Conveniencia Ltda.,,8405
776,,,18314522000123,,,,Buccas Cafeteira,Buccas Cafeteira,,8405
777,,,07587425000198,,,,Sal  na Brasa,Sal  na Brasa,,8405
778,,,27913130000171,,,,Passione Pizzaria,Passione Pizzaria,,8405
780,,,24982224000104,,,,Ponto do açai,Ponto do açai,,8540
781,,,24867973000352,,,,R.P. Com Varegista De C.,R.P. Com Varegista De C.,,8405
782,,,,,,,Coxinhas Dona Nita ,Coxinhas Dona Nita ,,8540
783,,,,,,,Carlos Alberto Coradi - Lanches Re,Carlos Alberto Coradi - Lanches Re,,8540
784,,,,,,,Kipastel,Kipastel,,8540
785,,,,,,,Tatiana Harumi Sato Polete,Tatiana Harumi Sato Polete,,8405
786,,,,,,,Lanchonete da Rodoviaria,Lanchonete da Rodoviaria,,8405
787,,,75315333013944,,,,Atacadão - Bauru,Atacadão - Bauru,,8405
788,,,72678753000132,,,,Supermercado Central,Supermercado Central,,8802
789,,,30425090000112,,,,Manzolli Nogueira Rest.,Manzolli Nogueira Rest.,,8405
790,,,,,,,Poupatempo Bauru,Poupatempo Bauru,,8405
791,,,,,,,ConectCar,ConectCar,,8405
792,,,50746668000150,,Rua Quintino Bocaiuva 616,,Peccioli (Casa Peccioli),Peccioli (Casa Peccioli),,8727
794,Centro,17010-19,31411819000175,,Rua Rio Branco 486,,Kamarca Marmitaria,Maria Aparecida Ribeiro Dias,1432412063,8405
795,,,,,Av da Saudade 58 - Lote: 65; Loja: 6;,,Capricho Moda Praia,G. A. de Lima Lopes,1333956127,8624
796,,,07245025000102,,Av. Mal Deod. da Fonse,,Sandes e Bonfim,Sandes e Bonfim,,8624
797,,,,,Rua XV de Nobembro 687,,Boa Massa,Boa Massa,,8540
798,,,,,,,João Bispo de Matos,João Bispo de Matos,,8624
799,,,09330885000120,,,,Mecanica Pullini,Mecanica Pullini,,8405
800,,,02191270000152,,,,Alemão Pneus,Alemção Pneus,,8405
801,,,61307351000134,,,,L F Serrano ME,L F Serrano ME,,8540
802,,,22310855000151,,,,Camila da Silva Matos,Camila da Silva Matos,,8624
803,,,11540981000186,,R General Marcondes Salgado Quadr 17-071,,Weckwerth,Telma Cristina Souza Weckwerth,,8405
804,,,,,,,Jt Burguers Bela Vista,Jt Burguers Bela Vista,,8405
805,,,29508950000103,,Dr. Almeida Cintra 23012,,Theodoro Bar e Restaurante,Theodoro Bar e Restaurante,,8405
806,,,31650561000160,,,,Bazy Parking,Bazy Parking,,9077
807,,17213-70,12020169000192,Loja de nozes Território de Calçado,,,Nutty Bavarian,Priscila Maria Braga Simao,1436221499,8727
808,,,07537812000110,,,,Aurea Regina Voltolim De Lim,Aurea Regina Voltolim De Lim,,8727
809,,,08978709000178,,,,Ana Lu Fight Fit,Ana Lu Fight Fit,,8727
810,,,27542952000193,,,,Otica Inovare,Otica Inovare,,8405
811,,,,,,,Murillo Aparecido Silva,Murillo Aparecido Silva,,8393
812,,,05197699000145,,Rua Humaita,,Auto Peças Chaves,Auto Peças Chaves,,8727
813,Centro,,61099834012369,,Rua Major Prado 360,401007457110,Arthur Lundgren Tecidos S/A ,Arthur Lundgren Tecidos S/A ,,8727
814,,,03824861000182,,Av. Leonil 660,,Russi Do Guaruja Promocoes E Eventos - Eireli,Russi Do Guaruja Promocoes E Eventos - Eireli,,8624
819,,,50843556000118,,,,Marathon Academia,Marathon Academia,,8405
820,Jardim Panorama,,,,Avenida Nações Unidas 28-21,,Impacto Prime,Impacto Prime,,8405
821,Vila Santo Antônio,17013-03,,,Av. Nações Unidas 16-17,,Piremaxx,Auto Center Piremaxx Pneus,,8405
822,,,,,,,Rafael Aparecido Fornaciari,Rafael Aparecido Fornaciari,,8540
823,,,,,,,Edmeia de Fatima Valdo,Edmeia de Fatima Valdo,,8540
824,Centro,,32117214000139,,Rua João de Oliveira Simões,289.038.820.112,Casa de Carnes Tradição,C.S.Lupino Buzaranho Eireli,,8540
825,,,,,Av. Duque de Caxias,,SPC Basico,Banco Santander,,8405
826,,,24929817000107,,,,Dona Ina Hamburguer,Dona Ina Hamburguer,,8405
827,,,,,Rua XV de Novembro,,O Boticario,O Boticario,,8540
828,,,,,,,Eliana Aparecida Alves,Eliana Aparecida Alves,,8405
829,,,,,,,Don Cheff Pizza Premium,Don Cheff Pizza Premium,,8727
830,,,,,,,Bocão Lanches,Bocão Lanches,,8540
831,Centro,,54890462000150,,Rua 13 de Maio 1225,289005825110,Supermercado São José,Supermercado São José,,8540
832,,,28200237000135,,Av. Dr. Quinzinho 511,,Milanetto Jau S,Milanetto Jau S,,8727
833,,,23486345000100,,Rua Coronel Antonio de Avila Rebolça 49,,Flaquer Henrique Cardoso ME,Flaquer Henrique Cardoso ME,,8405
834,,,33014556113047,,,209588572119,Lojas Americanas - Shopping Boulevard,Lojas Americanas,,8405
835,Centro,,61099834012369,,Rua Major Prado 360,401007457110,Pernanbucanas ,Arthur Lundgeren Tecidos S/A,,8727
836,,,26888043000149,,,,La Pizzaria Delivery,La Pizzaria Delivery,,8540
837,,,,,,,Batatas King,Batatas King,,8616
838,,,18314967000103,,,,LePetit,LePetit,,8540
839,Vl Cardia,,03344774000126,,Rua Almeida Brandão 1-34,,Fabio Borges de Souza,Fabio Borges de Souza,,8405
840,,,06127217000143,,,,Pizzas Kings,Pizzas Kings,,8405
841,,,10727661000177,,Rua Rio Branco 30,,Sodie Doces Bauru,Sodie Doces Bauru,,8405
842,,,23548935000102,,,,The Rango,The Rango,,8540
843,,,07420323000183,Territorio do calçado,Av. Antonio de Almeida Pacheco 1647,,Vitrine do Couro,Vitrine do Couro,,8727
845,,,23547660000192,,,,Dona Gusta,Matheus Ruy Cano de Arruda Me,,8405
846,JD Estoril,,53045260000117,,Av. Getulio Vargas 3-30,209.080.268.116,Confiança Supermercados,AD Zogheib e Cia Ltda.,,8405
847,Vl. Guedes Azevedo,17017000,11056667000122,,Av. Getulio Vargas,209.432.908.118,Multi Coisas,Tossi  Saad e Mambelli Ltda.,,8405
848,,,,,Pedro Ometo 1359,,Felipe Antonio Perao,Felipe Antonio Perao,,8393
849,Jardim Brasil,,24856733000190,,Rua Irma Arminda,,Victoria Bergamini,Victoria Bergamini,,8405
850,,,33967827000128,,Rua Jose Ambrosio,,Lets Delivey,Lets Delivey,,8405
851,,,47572664000270,,,,Posto Centro XV,Posto Centro XV,,8540
852,,17013113,31715268000133,,Rua General Marcondes Salgado 11-39,209753661119,Agua Doce Express,Sartotini Restaurante Ltda;,,8405
854,,,30123117000123,,,,Fabrica de Chocolate,Fabrica de Chocolate,,8405
856,,,17002909000181,,,,Care Wash,Care Wash,,8405
857,,,00585773000187,,,,Estoril Churrascaria,Estoril Churrascaria,,8405
858,,,,Loja Marcius,Rua 4 de Fevereiro 172,,Rosania Aparecida Ferreira,Rosania Aparecida Ferreira,,8540
859,,,07799502000254,,,,Marcia Ribeiro,Marcia Ribeiro,,8405
860,,,,,Rua Antonio Calandrin 195,,Mariana Colognesi Luchini,,,8405
861,Jardim Paulista,17017220,13128909000171,,R Rio Branco 29-10,,Aconchego Restaurante E Petiscaria,Roberto Messias Dos Santos De Almeida,1432270505,8405
862,,,10380621000100,,Av. Getulio Vargas 3,,Ideia Cheirosas,,,8405
863,,,,,,,Digital Flex Bauru Com,Digital Flex Bauru Com,,8405
864,,,,,,,Kabum,Kabum,,8405
865,,,,,,,O.D.S pizzaria,Orlando Martins Da,,8540
866,,,,,,,UD**EMYCOM93622166,UD**EMYCOM93622166,,8405
867,,,,,,,Ingresso Com,Ingresso Com,,8405
868,,,,,,,HiperSaude Bauru,,,8405
869,,,,,,,Viticas pizzaria,,,8405
870,,,,,,,Pag*Silvia Fernanda,,,8405
871,,,,,,,Stelo*S B Jesus Min,,,8405
872,,,,,,,Pag*Esamelquesedeque,,,8405
873,,,,,Rua Marco Antonio Piccirilli 454,,La Pasta Seu  Macarrao,Thiago Costa Rodriges,,8405
874,,,28771534000167,,,,Mister Cheff,,,8405
875,Centro,17010011,29092864000162,,Primeiro de Agosto Quadra 5-10,,Ana Banana Pastelaria,Hamilton Suaiden,,8405
876,Vila America,17012110,04755438000130,,Gustavo Maciel 25-85,04755438000130,Posto 9,E. A. Tuschi Combustiveis,,8405
878,,,,,,,Uber do Brasil Tecnolo,Uber do Brasil Tecnolo,,8405
879,,,13168936000178,,Rua Irma Arminda,,Dogão,Lauricio Bergam,,8405
881,Viza Guedes Azevedo,17017000,24500527000143,,Av Getulio Vargas 21-129,,Armazem Bauru Comercio de Bebidas Conexos Ltda.,Armazem Bauru Comercio de Bebidas Conexos Ltda.,1432438911,8405
882,,,31474207000121,,,,Roth Territorio do Calçado,Carolina A.M. Benini Comercio de Antonio de Almeida Pacheco,,8727
883,,,00002687741805,,,,Salao da Fatima,Salao da Fatima,,8540
884,,,01999682000150,,,,Café Expresso,Café Expresso Territorio do Calçado,,8727
885,,,02809808000130,,Antonio de Almeida Pacheco 1647,,Restaurante e Churrascaria Nos,Restaurante e Churrascaria Nos,,8727
886,,,,,,,Estancia Grill,Estancia Grill,,8405
887,,,10974306000100,,,,Tokyo Alimentos,Tokyo Alimentos,,8405
888,,,00025335611855,,Rua 13 de Maio,,Abigail Apalia,Abigail Apalia,,8540
889,Chacara Peccioli,17210110,11477845000270,Suc 46,Av Doutor Quinzinho 511,,Maria Aparecida Da Silva Brevelhieri,Maria Aparecida Da Silva Brevelhieri,1436663201,8727
890,Chacara Das Flores,17013113,30842148000134,L3 - Sala 330,Rua General Marcondes Salgado Quadra 11-39,,Bru - Ducco,Ivanir Antonio Latini,14328418931496514669,8727
891,Santo Antonio,17202180,10893298000160,,R Treze De Maio 756,,Conveniencia Confiança,Paghete Auto Center Ltda,1434163436,8727
893,Vila Noemy,17014450,21712386000134,,,,Capannori Pizzaria,Capannori Pizzaria,1488059514,8405
894,Zona Rural,13486199,09541072000110,Km 140 + 100 Metros,Rod Anhanguera S/N,,Rodosnack Topazio Lanchonete E Restaurante Ltda,Rodosnack Topazio Lanchonete E Restaurante Ltda,1934515677,8759
895,Chacara Braz Miraglia,17207310,61412110070609,,R Tenente Navarro 289,,Drogaria Sao Paulo,Drogaria Sao Paulo S.a.,1132747400,8405
896,Centro,17340000,29131466000299,,Rua Major Pompeu 392,,Frutaria Cafe Brasil,Lilian Cristina Salmazo Caffeu,1436223722,8393
897,Vila Carolina,17032620,21838969000106,Bloco 7;apt 714,Av Do Hipodromo 8-55,,Companheiros Burger,Juliane Ribeiro De Melo Veloso 94285160153,1498839901,8405
898,2a Zona Industrial,17213700,31474207000121,Mdl 19 E 20 Anexo Central,Avenida Antonio De Almeida Pacheco 1647,,Carolina A M Benini Comercio De Roupas,Carolina A M Benini Comercio De Roupas,14316160941431616085,8727
899,2a. Zona Industrial,17213700,11809808000130,Loja 08,Av Antonio De Almeida Pacheco 1647,,Restaurante E Churrascaria Nossa Casa,Patricia Roberta De Oliveira,14362292911434163923,8727
900,Centro,17320000,01774908000115,,R Dr. Salvador Mercadante 642,,Quitanda Zoghaib,Alessandro R Zoghaib,,8802
901,Faz. Ag.do Pilintra,17120001,02868970000139,Km 317,Rod Marechal Rondon S/N,,Posto Rondon,Auto Posto Garbras Rondon Ltda,,8309
902,Jd Sao Jose,18650000,71654487000174,,Av Irmao Aldo Marini 1101,,Bel Restaurante,Isabel De Fatima Henrique Fulan,14384227761438422776,9106
903,Centro,18650000,11193433000127,,Av Jose Horacio Mellao 1810,,Auto Posto 3d,Auto Posto 3d Ltda,143882388038823880,9106
904,,,,,Av. Jose Vicente Aiello 13-129,,Augusto Pasteis,Augusto Pasteis,,8405
905,Jd. Paulista,17017220,12849738000107,estacionamento perto antiga finch,Rua Rio Branco 27-56,,F.s. Parking - Estacionamento E Locacao Ltda,F.s. Parking - Estacionamento E Locacao Ltda,14322781111432261213,8405
906,Jd. America,17018000,03278451000183,,Avenida Getulio Vargas 24-20,,Posto Paineiras,Posto Paineiras De Bauru Ltda,1432277426,8405
907,Vila Santo Antonio,17013035,50543305000118,,Avenida Nacoes Unidas Quadra 14-20,,Rocha Autoposto,Pandora Autoposto Ltda.,14331244061433124408,8405
908,Vila Sta Tereza,17012030,00591589000140,,R Joaquim Da Silva Martha 17-30,,1 A 10 Importados,Maria Angelica Matheus Bauru Ltda,,8405
909,Centro,17300000,29065206000181,,Av Dom Pedro I 367,,Tradicao Comida Caipira Restaurante,Daniel Carlos Lupino,1436561703,8393
910,,,,,,,99* Pop,99* Pop,,8405
911,Parque Residencial Jardim Araruna,17025070,30361932000120,,Rua Paulino Dondici 2-95,,Pizzaria Delivery Los Amigos,Leandro Tavares Nascimento 17488764811,1432064169,8405
912,Vila Souto,17051030,33966879000180,,Rua Silveira Martins Quadra 5-81,,Pizzaria Bauru,C.a. De Araujo & Cia. Pizzaria Ltda.,1481551870,8405
913,Vila Santa Tereza,17012055,10560869000144,,R Araujo Leite Quadra 23-65,,Os Patricios Pizzaria,Davi Aria,1433137198,8405
914,Chacara Da Flores,17013113,66529363000127,,R Marcondes Salgado 9-13,,Agrosolo Bauru Agropecuaria Ltda,Agrosolo Bauru Agropecuaria Ltda,,8405
915,Vila Coralina,17030000,09396561000126,,Avenida Rodrigues Alves 36-65,,Posto Flamboyant,Posto Da Base Bauru Ltda.,1432234144,8405
916,Centro,17300000,23584674000186,,Rua Quinze De Novembro 723,,Cacau Show,Fb Comercio De Chocolates Ltda,1438413012,8540
917,Vila Aeroporto Bauru,17012431,34676843000124,,R Antonio Alves Quadra 29-43,209808234118,Emporio Mae Terra,G.galelli De Oliveira,1432345166,8405
918,Vila Guedes De Azevedo,17017000,21484235000176,,Av Getulio Vargas Quadra 3-03,,L.f. Rondina Restaurante Eireli,L.f. Rondina Restaurante Eireli,1432242454,8405
919,Jardim Nasralla,17012130,23658813000179,Conj B,Rua Julio Maringoni Quadra 13-85,,M.g.arnes Restaurante,M.g.arnes Restaurante,1433138870,8405
920,Jardim Estoril Iv,17016220,19103663000160,,R Laercio Bastos Pereira 3-30,,Apaloosas,Cbrugnerotto Comercio De Alimentos Eireli,1432241425,8405
921,Sitio Borralho,17300000,29061675000122,Gleba B,Estrada Municipal 00,,Laticinio J M Mineiro,Lilian A De Oliveira Silva,1498564391,8405
922,Chacara Das Flores,17013113,35085861000102,Loja 311,R General Marcondes Salgado Quadra 11-39,,Rango Simple Food,Fernanda Dos Santos Calobrizi Kakeya,1432230688,8405
923,Vila Guedes De Azevedo,17017000,16825062000172,Loja 1,Av Getulio Vargas Quadra 3-30,,Drogaria Total,De Paula - Drogaria Ltda.,1432350144,8405
924,Vila Santo Antonio,17013035,50543305000118,,Avenida Nacoes Unidas Quadra 14-20,,Rocha Autoposto,Pandora Autoposto Ltda.,14331244061433124408,8405
925,Pouso Alegre Baixo,17201000,02187258000174,,Rua Antonio Antoniassi 290,,Deusdete Codatto Jau,Deusdete Codatto Jau,143622055714362205571436220557,8405
926,,,,,,,Bradesco Seguro Automovel,Bradesco Seguro Automovel,,8405
